<?xml version="1.0" encoding="UTF-8" standalone="yes"?>
<addon id="plugin.video.medieval.tv"
       name="Medieval TV"
       version="2.1.3"
       provider-name="Medieval">
  <requires>
    <import addon="xbmc.python" version="2.1.0"/>
    <import addon="script.module.beautifulsoup" version="3.2.1"/>
    <import addon="script.module.simple.downloader" version="0.9.4"/>
    <import addon="script.module.beautifulsoup4" />
    <import addon="script.module.simple.downloader" version="0.9.4"/>
    <import addon="script.module.requests" />
    <import addon="script.module.httplib2" />
    <import addon="script.module.youtube.dl" />
    <import addon="plugin.video.youtube" />
    <import addon="script.module.urlresolver" />
    <import addon="script.module.simplejson" />
  </requires>
  <extension point="xbmc.python.pluginsource" library="default.py">
    <provides>video</provides>
  </extension>
  <extension point="xbmc.addon.metadata">
    <summary>Medieval TV</summary>
    <description>
        Only for family and friends, Medieval's Private Repo
    </description>
    <platform>all</platform>
  </extension>
</addon>
