<?xml version="1.0" encoding="UTF-8" standalone="yes"?>
<addon id="repository.medievals-private" name="Medieval's Private Repo" version="1.0.8" provider-name="Medieval">
	<extension point="xbmc.addon.repository" name="Medieval's Private Repo">
		<info compressed="false">https://raw.github.com/medieval-kodi/private-repo/master/addons.xml</info>
		<checksum>https://raw.github.com/medieval-kodi/private-repo/master/addons.xml.md5</checksum>
		<datadir zip="true">https://raw.github.com/medieval-kodi/private-repo/master</datadir>
	</extension>
	<extension point="xbmc.addon.metadata">
		<summary>Medieval's Private repo</summary>
   		<description lang="en">Instala los plugins de Medieval.</description>
		<disclaimer></disclaimer>
		<platform>all</platform>
	</extension>
</addon>